{
  "document_id": "60c65af26b9a4ab98ba312e63d63eb30",
  "highlights": [
    {
      "content": {
        "text": "Across these systems, several cross-cutting benefits consistently emerge: 24/7 availability, reduced stigma compared to traditional therapy, increased willingness to self-disclose, and scalable delivery of structured coping strategies [46 ]. "
      },
      "type": "text",
      "position": {
        "boundingRect": {
          "x1": 438.9765625,
          "y1": 723.4375,
          "x2": 771.2313232421875,
          "y2": 782.296875,
          "width": 845,
          "height": 1093.5294117647059,
          "pageNumber": 3
        },
        "rects": [
          {
            "x1": 452.75,
            "y1": 723.4375,
            "x2": 771.2313232421875,
            "y2": 736.9375,
            "width": 845,
            "height": 1093.5294117647059,
            "pageNumber": 3
          },
          {
            "x1": 438.9765625,
            "y1": 738.5234375,
            "x2": 770.899658203125,
            "y2": 752.0234375,
            "width": 845,
            "height": 1093.5294117647059,
            "pageNumber": 3
          },
          {
            "x1": 438.9765625,
            "y1": 753.7109375,
            "x2": 771.21728515625,
            "y2": 767.2109375,
            "width": 845,
            "height": 1093.5294117647059,
            "pageNumber": 3
          },
          {
            "x1": 438.9765625,
            "y1": 768.796875,
            "x2": 625.4961547851562,
            "y2": 782.296875,
            "width": 845,
            "height": 1093.5294117647059,
            "pageNumber": 3
          }
        ]
      },
      "id": "b5cd6016-f866-4a38-bb56-18ac6d32d00c",
      "highlight_id": "b5cd6016-f866-4a38-bb56-18ac6d32d00c",
      "document_id": "60c65af26b9a4ab98ba312e63d63eb30",
      "highlight_type": "text",
      "page_number": 3,
      "selected_text": "Across these systems, several cross-cutting benefits consistently emerge: 24/7 availability, reduced stigma compared to traditional therapy, increased willingness to self-disclose, and scalable delivery of structured coping strategies [46 ].",
      "text_preview": "Across these systems, several cross-cutting benefits consistently emerge: 24/7 availability, reduced stigma compared to traditional therapy, increased willingness to self-disclose, and scalable delivery of structured coping strategies [46 ]",
      "caption": "",
      "caption_confidence": "",
      "viewport_rects": [
        {
          "x1": 452.75,
          "y1": 723.4375,
          "x2": 771.231323,
          "y2": 736.9375,
          "width": 845,
          "height": 1093.529412,
          "pageNumber": 3
        },
        {
          "x1": 438.976562,
          "y1": 738.523438,
          "x2": 770.899658,
          "y2": 752.023438,
          "width": 845,
          "height": 1093.529412,
          "pageNumber": 3
        },
        {
          "x1": 438.976562,
          "y1": 753.710938,
          "x2": 771.217285,
          "y2": 767.210938,
          "width": 845,
          "height": 1093.529412,
          "pageNumber": 3
        },
        {
          "x1": 438.976562,
          "y1": 768.796875,
          "x2": 625.496155,
          "y2": 782.296875,
          "width": 845,
          "height": 1093.529412,
          "pageNumber": 3
        }
      ],
      "normalized_rects": [
        {
          "x1": 0.535799,
          "y1": 0.661562,
          "x2": 0.9127,
          "y2": 0.673907,
          "pageNumber": 3
        },
        {
          "x1": 0.519499,
          "y1": 0.675358,
          "x2": 0.912307,
          "y2": 0.687703,
          "pageNumber": 3
        },
        {
          "x1": 0.519499,
          "y1": 0.689246,
          "x2": 0.912683,
          "y2": 0.701591,
          "pageNumber": 3
        },
        {
          "x1": 0.519499,
          "y1": 0.703042,
          "x2": 0.740232,
          "y2": 0.715387,
          "pageNumber": 3
        }
      ],
      "parser_rects_1000": [
        {
          "x1": 535.799,
          "y1": 661.562,
          "x2": 912.7,
          "y2": 673.907,
          "pageNumber": 3
        },
        {
          "x1": 519.499,
          "y1": 675.358,
          "x2": 912.307,
          "y2": 687.703,
          "pageNumber": 3
        },
        {
          "x1": 519.499,
          "y1": 689.246,
          "x2": 912.683,
          "y2": 701.591,
          "pageNumber": 3
        },
        {
          "x1": 519.499,
          "y1": 703.042,
          "x2": 740.232,
          "y2": 715.387,
          "pageNumber": 3
        }
      ],
      "matched_block": {
        "block_id": "60c65af26b9a4ab98ba312e63d63eb30-p3-b51",
        "page_number": 3,
        "block_type": "text",
        "coordinate_overlap": 1,
        "text_bonus": 0.05,
        "match_score": 1,
        "markdown_content": "In academic settings, early mental health chatbots were typically proof-of-concept systems delivering structured, evidence-based interventions\u2014most commonly variants of cognitive behavioral therapy (CBT)\u2014through brief, guided exchanges [29, 35]. Systems such as Woebot and Tess showed that short, high-frequency CBTstyle interactions can reduce depressive and anxiety symptoms in controlled trials, establishing these agents as credible low-intensity supports [94]. Over time, some transitioned into consumer-facing apps (e.g., Woebot, Wysa), integrating automated coaching, structured CBT exercises, and user-friendly interfaces, and are generally positioned as adjunct self-help tools that offer quick check-ins and coping strategies [82]. In parallel, social or companion-oriented chatbots such as Replika and Character.ai, though not explicitly built as mental health interventions, have been widely appropriated for emotional disclosure, coping with loneliness, and para-social intimacy [79, 105, 110, 121]. These agents often support deeper narrative personalization and user-defined personas, but lack therapeutic framing or clinical oversight; recent reports of chatbot-related emotional dependence and suicidality highlight the risks of their unregulated use [27, 65]. Across these systems, several cross-cutting benefits consistently emerge: 24/7 availability, reduced stigma compared to traditional therapy, increased willingness to self-disclose, and scalable delivery of structured coping strategies [46]. Chatbots grounded in established therapeutic models tend to yield the most reliable improvements, with meta-analyses showing moderate reductions in depression and anxiety when evidence-based protocols guide conversational flow [73]. Nonetheless, personalization in current mental health chatbots remains largely shallow\u2014typically limited to tone or exercise recommendations\u2014rather than a deep contextual understanding of users\u2019 histories, identities, and long-term patterns [68, 86, 102]. Empirical work shows that when a chatbot\u2019s appearance or conversational style aligns with aspects of a user\u2019s identity, users report greater trust, perceived social presence, and willingness to disclose, reflecting homophily and perceived-similarity effects [16, 23, 74]. Conversely, limited continuity, contextual memory, or perceived mutual understanding can weaken trust and therapeutic"
      },
      "nearby_context": [
        {
          "block_id": "60c65af26b9a4ab98ba312e63d63eb30-p3-b51",
          "page_number": 3,
          "block_type": "text",
          "coordinate_overlap": 1,
          "text_bonus": 0.05,
          "match_score": 1,